--
-- PostgreSQL database dump
--

-- Dumped from database version 11.3
-- Dumped by pg_dump version 11.3

SET statement_timeout = 0;
SET lock_timeout = 0;
SET idle_in_transaction_session_timeout = 0;
SET client_encoding = 'UTF8';
SET standard_conforming_strings = on;
SELECT pg_catalog.set_config('search_path', '', false);
SET check_function_bodies = false;
SET xmloption = content;
SET client_min_messages = warning;
SET row_security = off;

SET default_tablespace = '';

SET default_with_oids = false;

--
-- Name: ar_internal_metadata; Type: TABLE; Schema: public; Owner: zsoltkacso
--

CREATE TABLE public.ar_internal_metadata (
    key character varying NOT NULL,
    value character varying,
    created_at timestamp without time zone NOT NULL,
    updated_at timestamp without time zone NOT NULL
);


ALTER TABLE public.ar_internal_metadata OWNER TO zsoltkacso;

--
-- Name: cards; Type: TABLE; Schema: public; Owner: zsoltkacso
--

CREATE TABLE public.cards (
    id bigint NOT NULL,
    name text,
    cardtest_id bigint,
    "order" integer,
    created_at timestamp without time zone NOT NULL,
    updated_at timestamp without time zone NOT NULL
);


ALTER TABLE public.cards OWNER TO zsoltkacso;

--
-- Name: cards_id_seq; Type: SEQUENCE; Schema: public; Owner: zsoltkacso
--

CREATE SEQUENCE public.cards_id_seq
    START WITH 1
    INCREMENT BY 1
    NO MINVALUE
    NO MAXVALUE
    CACHE 1;


ALTER TABLE public.cards_id_seq OWNER TO zsoltkacso;

--
-- Name: cards_id_seq; Type: SEQUENCE OWNED BY; Schema: public; Owner: zsoltkacso
--

ALTER SEQUENCE public.cards_id_seq OWNED BY public.cards.id;


--
-- Name: cardtests; Type: TABLE; Schema: public; Owner: zsoltkacso
--

CREATE TABLE public.cardtests (
    id bigint NOT NULL,
    user_id bigint,
    name character varying,
    auth_token character varying,
    status boolean,
    uid character varying,
    created_at timestamp without time zone NOT NULL,
    updated_at timestamp without time zone NOT NULL,
    intro text,
    outro text
);


ALTER TABLE public.cardtests OWNER TO zsoltkacso;

--
-- Name: cardtests_id_seq; Type: SEQUENCE; Schema: public; Owner: zsoltkacso
--

CREATE SEQUENCE public.cardtests_id_seq
    START WITH 1
    INCREMENT BY 1
    NO MINVALUE
    NO MAXVALUE
    CACHE 1;


ALTER TABLE public.cardtests_id_seq OWNER TO zsoltkacso;

--
-- Name: cardtests_id_seq; Type: SEQUENCE OWNED BY; Schema: public; Owner: zsoltkacso
--

ALTER SEQUENCE public.cardtests_id_seq OWNED BY public.cardtests.id;


--
-- Name: friendly_id_slugs; Type: TABLE; Schema: public; Owner: zsoltkacso
--

CREATE TABLE public.friendly_id_slugs (
    id bigint NOT NULL,
    slug character varying NOT NULL,
    sluggable_id integer NOT NULL,
    sluggable_type character varying(50),
    scope character varying,
    created_at timestamp without time zone
);


ALTER TABLE public.friendly_id_slugs OWNER TO zsoltkacso;

--
-- Name: friendly_id_slugs_id_seq; Type: SEQUENCE; Schema: public; Owner: zsoltkacso
--

CREATE SEQUENCE public.friendly_id_slugs_id_seq
    START WITH 1
    INCREMENT BY 1
    NO MINVALUE
    NO MAXVALUE
    CACHE 1;


ALTER TABLE public.friendly_id_slugs_id_seq OWNER TO zsoltkacso;

--
-- Name: friendly_id_slugs_id_seq; Type: SEQUENCE OWNED BY; Schema: public; Owner: zsoltkacso
--

ALTER SEQUENCE public.friendly_id_slugs_id_seq OWNED BY public.friendly_id_slugs.id;


--
-- Name: results; Type: TABLE; Schema: public; Owner: zsoltkacso
--

CREATE TABLE public.results (
    id bigint NOT NULL,
    name character varying,
    data text,
    cardtest_id bigint,
    created_at timestamp without time zone NOT NULL,
    updated_at timestamp without time zone NOT NULL
);


ALTER TABLE public.results OWNER TO zsoltkacso;

--
-- Name: results_id_seq; Type: SEQUENCE; Schema: public; Owner: zsoltkacso
--

CREATE SEQUENCE public.results_id_seq
    START WITH 1
    INCREMENT BY 1
    NO MINVALUE
    NO MAXVALUE
    CACHE 1;


ALTER TABLE public.results_id_seq OWNER TO zsoltkacso;

--
-- Name: results_id_seq; Type: SEQUENCE OWNED BY; Schema: public; Owner: zsoltkacso
--

ALTER SEQUENCE public.results_id_seq OWNED BY public.results.id;


--
-- Name: schema_migrations; Type: TABLE; Schema: public; Owner: zsoltkacso
--

CREATE TABLE public.schema_migrations (
    version character varying NOT NULL
);


ALTER TABLE public.schema_migrations OWNER TO zsoltkacso;

--
-- Name: sjabloon_charges; Type: TABLE; Schema: public; Owner: zsoltkacso
--

CREATE TABLE public.sjabloon_charges (
    id bigint NOT NULL,
    owner_id bigint,
    processor character varying NOT NULL,
    processor_id character varying NOT NULL,
    amount integer NOT NULL,
    amount_refunded integer,
    card_type character varying,
    card_last4 character varying,
    card_exp_month character varying,
    card_exp_year character varying,
    created_at timestamp without time zone NOT NULL,
    updated_at timestamp without time zone NOT NULL
);


ALTER TABLE public.sjabloon_charges OWNER TO zsoltkacso;

--
-- Name: sjabloon_charges_id_seq; Type: SEQUENCE; Schema: public; Owner: zsoltkacso
--

CREATE SEQUENCE public.sjabloon_charges_id_seq
    START WITH 1
    INCREMENT BY 1
    NO MINVALUE
    NO MAXVALUE
    CACHE 1;


ALTER TABLE public.sjabloon_charges_id_seq OWNER TO zsoltkacso;

--
-- Name: sjabloon_charges_id_seq; Type: SEQUENCE OWNED BY; Schema: public; Owner: zsoltkacso
--

ALTER SEQUENCE public.sjabloon_charges_id_seq OWNED BY public.sjabloon_charges.id;


--
-- Name: sjabloon_coupons; Type: TABLE; Schema: public; Owner: zsoltkacso
--

CREATE TABLE public.sjabloon_coupons (
    id bigint NOT NULL,
    code character varying,
    name character varying,
    currency character varying,
    max_redemptions integer,
    amount_off integer,
    percent_off numeric,
    duration character varying,
    duration_in_months integer,
    redeem_by timestamp without time zone,
    times_redeemed integer DEFAULT 0,
    is_valid boolean,
    created_at timestamp without time zone NOT NULL,
    updated_at timestamp without time zone NOT NULL
);


ALTER TABLE public.sjabloon_coupons OWNER TO zsoltkacso;

--
-- Name: sjabloon_coupons_id_seq; Type: SEQUENCE; Schema: public; Owner: zsoltkacso
--

CREATE SEQUENCE public.sjabloon_coupons_id_seq
    START WITH 1
    INCREMENT BY 1
    NO MINVALUE
    NO MAXVALUE
    CACHE 1;


ALTER TABLE public.sjabloon_coupons_id_seq OWNER TO zsoltkacso;

--
-- Name: sjabloon_coupons_id_seq; Type: SEQUENCE OWNED BY; Schema: public; Owner: zsoltkacso
--

ALTER SEQUENCE public.sjabloon_coupons_id_seq OWNED BY public.sjabloon_coupons.id;


--
-- Name: sjabloon_plans; Type: TABLE; Schema: public; Owner: zsoltkacso
--

CREATE TABLE public.sjabloon_plans (
    id bigint NOT NULL,
    processor_id character varying,
    amount integer,
    currency character varying,
    nickname character varying,
    trial_period_days integer,
    "interval" character varying,
    interval_count character varying,
    product character varying,
    features jsonb DEFAULT '{}'::jsonb NOT NULL,
    "position" integer,
    active boolean DEFAULT true,
    visible boolean DEFAULT true,
    created_at timestamp without time zone NOT NULL,
    updated_at timestamp without time zone NOT NULL
);


ALTER TABLE public.sjabloon_plans OWNER TO zsoltkacso;

--
-- Name: sjabloon_plans_id_seq; Type: SEQUENCE; Schema: public; Owner: zsoltkacso
--

CREATE SEQUENCE public.sjabloon_plans_id_seq
    START WITH 1
    INCREMENT BY 1
    NO MINVALUE
    NO MAXVALUE
    CACHE 1;


ALTER TABLE public.sjabloon_plans_id_seq OWNER TO zsoltkacso;

--
-- Name: sjabloon_plans_id_seq; Type: SEQUENCE OWNED BY; Schema: public; Owner: zsoltkacso
--

ALTER SEQUENCE public.sjabloon_plans_id_seq OWNED BY public.sjabloon_plans.id;


--
-- Name: sjabloon_subscriptions; Type: TABLE; Schema: public; Owner: zsoltkacso
--

CREATE TABLE public.sjabloon_subscriptions (
    id bigint NOT NULL,
    owner_id bigint,
    name character varying NOT NULL,
    processor character varying NOT NULL,
    processor_id character varying NOT NULL,
    processor_plan character varying NOT NULL,
    quantity integer DEFAULT 1 NOT NULL,
    trial_ends_at timestamp without time zone,
    ends_at timestamp without time zone,
    created_at timestamp without time zone NOT NULL,
    updated_at timestamp without time zone NOT NULL
);


ALTER TABLE public.sjabloon_subscriptions OWNER TO zsoltkacso;

--
-- Name: sjabloon_subscriptions_id_seq; Type: SEQUENCE; Schema: public; Owner: zsoltkacso
--

CREATE SEQUENCE public.sjabloon_subscriptions_id_seq
    START WITH 1
    INCREMENT BY 1
    NO MINVALUE
    NO MAXVALUE
    CACHE 1;


ALTER TABLE public.sjabloon_subscriptions_id_seq OWNER TO zsoltkacso;

--
-- Name: sjabloon_subscriptions_id_seq; Type: SEQUENCE OWNED BY; Schema: public; Owner: zsoltkacso
--

ALTER SEQUENCE public.sjabloon_subscriptions_id_seq OWNED BY public.sjabloon_subscriptions.id;


--
-- Name: users; Type: TABLE; Schema: public; Owner: zsoltkacso
--

CREATE TABLE public.users (
    id bigint NOT NULL,
    email character varying DEFAULT ''::character varying NOT NULL,
    encrypted_password character varying DEFAULT ''::character varying NOT NULL,
    reset_password_token character varying,
    reset_password_sent_at timestamp without time zone,
    remember_created_at timestamp without time zone,
    sign_in_count integer DEFAULT 0 NOT NULL,
    current_sign_in_at timestamp without time zone,
    last_sign_in_at timestamp without time zone,
    current_sign_in_ip inet,
    last_sign_in_ip inet,
    confirmation_token character varying,
    confirmed_at timestamp without time zone,
    confirmation_sent_at timestamp without time zone,
    unconfirmed_email character varying,
    failed_attempts integer DEFAULT 0 NOT NULL,
    unlock_token character varying,
    locked_at timestamp without time zone,
    first_name character varying,
    last_name character varying,
    admin boolean DEFAULT false,
    communication_settings jsonb,
    created_at timestamp without time zone NOT NULL,
    updated_at timestamp without time zone NOT NULL,
    processor character varying,
    processor_id character varying,
    trial_ends_at timestamp without time zone,
    card_type character varying,
    card_last4 character varying,
    card_exp_month character varying,
    card_exp_year character varying
);


ALTER TABLE public.users OWNER TO zsoltkacso;

--
-- Name: users_id_seq; Type: SEQUENCE; Schema: public; Owner: zsoltkacso
--

CREATE SEQUENCE public.users_id_seq
    START WITH 1
    INCREMENT BY 1
    NO MINVALUE
    NO MAXVALUE
    CACHE 1;


ALTER TABLE public.users_id_seq OWNER TO zsoltkacso;

--
-- Name: users_id_seq; Type: SEQUENCE OWNED BY; Schema: public; Owner: zsoltkacso
--

ALTER SEQUENCE public.users_id_seq OWNED BY public.users.id;


--
-- Name: cards id; Type: DEFAULT; Schema: public; Owner: zsoltkacso
--

ALTER TABLE ONLY public.cards ALTER COLUMN id SET DEFAULT nextval('public.cards_id_seq'::regclass);


--
-- Name: cardtests id; Type: DEFAULT; Schema: public; Owner: zsoltkacso
--

ALTER TABLE ONLY public.cardtests ALTER COLUMN id SET DEFAULT nextval('public.cardtests_id_seq'::regclass);


--
-- Name: friendly_id_slugs id; Type: DEFAULT; Schema: public; Owner: zsoltkacso
--

ALTER TABLE ONLY public.friendly_id_slugs ALTER COLUMN id SET DEFAULT nextval('public.friendly_id_slugs_id_seq'::regclass);


--
-- Name: results id; Type: DEFAULT; Schema: public; Owner: zsoltkacso
--

ALTER TABLE ONLY public.results ALTER COLUMN id SET DEFAULT nextval('public.results_id_seq'::regclass);


--
-- Name: sjabloon_charges id; Type: DEFAULT; Schema: public; Owner: zsoltkacso
--

ALTER TABLE ONLY public.sjabloon_charges ALTER COLUMN id SET DEFAULT nextval('public.sjabloon_charges_id_seq'::regclass);


--
-- Name: sjabloon_coupons id; Type: DEFAULT; Schema: public; Owner: zsoltkacso
--

ALTER TABLE ONLY public.sjabloon_coupons ALTER COLUMN id SET DEFAULT nextval('public.sjabloon_coupons_id_seq'::regclass);


--
-- Name: sjabloon_plans id; Type: DEFAULT; Schema: public; Owner: zsoltkacso
--

ALTER TABLE ONLY public.sjabloon_plans ALTER COLUMN id SET DEFAULT nextval('public.sjabloon_plans_id_seq'::regclass);


--
-- Name: sjabloon_subscriptions id; Type: DEFAULT; Schema: public; Owner: zsoltkacso
--

ALTER TABLE ONLY public.sjabloon_subscriptions ALTER COLUMN id SET DEFAULT nextval('public.sjabloon_subscriptions_id_seq'::regclass);


--
-- Name: users id; Type: DEFAULT; Schema: public; Owner: zsoltkacso
--

ALTER TABLE ONLY public.users ALTER COLUMN id SET DEFAULT nextval('public.users_id_seq'::regclass);


--
-- Data for Name: ar_internal_metadata; Type: TABLE DATA; Schema: public; Owner: zsoltkacso
--

COPY public.ar_internal_metadata (key, value, created_at, updated_at) FROM stdin;
environment	development	2019-06-19 12:27:19.679816	2019-06-19 12:27:19.679816
\.


--
-- Data for Name: cards; Type: TABLE DATA; Schema: public; Owner: zsoltkacso
--

COPY public.cards (id, name, cardtest_id, "order", created_at, updated_at) FROM stdin;
24	card name	16	0	2019-08-21 11:39:11.814518	2019-08-21 11:39:11.814518
25	card 1	17	\N	2019-08-21 11:42:13.491083	2019-08-21 11:42:13.491083
26	card 1	18	\N	2019-08-21 11:42:28.521837	2019-08-21 11:42:28.521837
27	card777	19	0	2019-08-21 11:43:09.555117	2019-08-21 11:43:09.555117
28	card 888	19	1	2019-08-21 11:43:09.55751	2019-08-21 11:43:09.55751
30	test22	20	0	2019-08-21 11:49:25.91153	2019-08-21 11:49:25.91153
31	test777	21	0	2019-08-22 07:53:19.785543	2019-08-22 08:16:34.654734
32	test2	21	1	2019-08-22 08:16:34.656334	2019-08-22 08:16:34.656334
33	test	22	1	2019-08-28 11:17:35.981134	2019-08-29 11:09:50.010989
34	test12	22	0	2019-08-28 11:17:35.983659	2019-08-29 11:09:50.018843
35	test	23	\N	2019-08-29 12:03:06.873757	2019-08-29 12:03:06.873757
40	Card 1	26	0	2019-08-29 20:40:58.046943	2019-08-29 20:40:58.046943
41	Card 2	26	1	2019-08-29 20:40:58.047992	2019-08-29 20:40:58.047992
42	Card 3	26	2	2019-08-29 20:40:58.048883	2019-08-29 20:40:58.048883
43	Card 4	26	3	2019-08-29 20:40:58.049692	2019-08-29 20:40:58.049692
44	Card 5	26	4	2019-08-29 20:40:58.050726	2019-08-29 20:40:58.050726
45	Card 6	26	5	2019-08-29 20:40:58.051655	2019-08-29 20:40:58.051655
46	Card 7	26	6	2019-08-29 20:40:58.052481	2019-08-29 20:40:58.052481
47	Card 8	26	7	2019-08-29 20:40:58.053348	2019-08-29 20:40:58.053348
\.


--
-- Data for Name: cardtests; Type: TABLE DATA; Schema: public; Owner: zsoltkacso
--

COPY public.cardtests (id, user_id, name, auth_token, status, uid, created_at, updated_at, intro, outro) FROM stdin;
26	5	Navigation test - UPDATED	nssd75qy	f	5ds4mxqr	2019-08-29 20:40:58.045687	2019-09-13 21:34:20.727357	\N	\N
7	2		273uag4t	\N	u76i5moj	2019-08-21 11:23:06.760629	2019-08-21 11:23:06.760629	\N	\N
8	2		gczk422h	\N	erpfbpwy	2019-08-21 11:23:14.561088	2019-08-21 11:23:14.561088	\N	\N
9	2		90s1ybnh	\N	jyx0i1qw	2019-08-21 11:23:21.272272	2019-08-21 11:23:21.272272	\N	\N
10	2		30u5y45m	\N	oslh2jg1	2019-08-21 11:28:27.653697	2019-08-21 11:28:27.653697	\N	\N
11	2		l8bl8y4e	\N	ya1kpf37	2019-08-21 11:28:32.129455	2019-08-21 11:28:32.129455	\N	\N
12	2		3epyugtk	\N	6dckdl24	2019-08-21 11:28:49.950532	2019-08-21 11:28:49.950532	\N	\N
13	2	test	929h99cd	\N	vtes7dg2	2019-08-21 11:34:35.815493	2019-08-21 11:34:35.815493	\N	\N
14	2	test	qhysptge	\N	qt692ovu	2019-08-21 11:36:37.545408	2019-08-21 11:36:37.545408	\N	\N
15	2	test2	rtwh4smx	\N	p4x8uw0u	2019-08-21 11:37:27.676203	2019-08-21 11:37:27.676203	\N	\N
16	2	test name	orhd0yy2	\N	nmdikxjp	2019-08-21 11:39:11.811231	2019-08-21 11:39:11.811231	\N	\N
17	2	test3	n2thl85m	\N	v9rh2btv	2019-08-21 11:42:13.489765	2019-08-21 11:42:13.489765	\N	\N
18	2	test3	brz14ocz	\N	qhuzw1g5	2019-08-21 11:42:28.520654	2019-08-21 11:42:28.520654	\N	\N
19	2	test66555	8v3ur78y	\N	mrw0ev7n	2019-08-21 11:43:09.492044	2019-08-21 11:43:09.492044	\N	\N
20	2	test1	nlbkodpb	f	8u5e9atk	2019-08-21 11:46:41.333209	2019-08-21 11:59:13.080889	\N	\N
21	2	test555	948odh20	t	34r4iltj	2019-08-22 07:53:19.740527	2019-08-26 22:12:16.537803	\N	\N
22	2	test	pcgx734e	t	44ty8htf	2019-08-28 11:17:35.976866	2019-08-29 11:09:52.270009	\N	\N
23	2	test	1kssdgd4	t	mud4kao0	2019-08-29 12:03:06.822963	2019-08-29 12:03:08.953532	\N	\N
\.


--
-- Data for Name: friendly_id_slugs; Type: TABLE DATA; Schema: public; Owner: zsoltkacso
--

COPY public.friendly_id_slugs (id, slug, sluggable_id, sluggable_type, scope, created_at) FROM stdin;
\.


--
-- Data for Name: results; Type: TABLE DATA; Schema: public; Owner: zsoltkacso
--

COPY public.results (id, name, data, cardtest_id, created_at, updated_at) FROM stdin;
19	\N	"{\\"name\\":\\"testJSONname\\",\\"time\\":151827,\\"groups\\":[{\\"title\\":\\"Unnamed\\",\\"card\\":[\\"31\\"]}]}"	21	2019-08-22 08:03:29.456055	2019-08-22 08:03:29.456055
20	\N	"{\\"name\\":\\"testJSONname\\",\\"time\\":4458,\\"groups\\":[]}"	21	2019-08-22 08:08:12.31258	2019-08-22 08:08:12.31258
21	\N	"{\\"name\\":\\"testJSONname\\",\\"time\\":1883,\\"groups\\":[]}"	21	2019-08-22 08:08:23.295304	2019-08-22 08:08:23.295304
22	\N	"{\\"name\\":\\"testJSONname\\",\\"time\\":2823,\\"groups\\":[]}"	21	2019-08-22 08:08:39.00387	2019-08-22 08:08:39.00387
23	\N	"{\\"name\\":\\"testJSONname\\",\\"time\\":2570,\\"groups\\":[]}"	21	2019-08-22 08:08:59.321031	2019-08-22 08:08:59.321031
24	\N	"{\\"name\\":\\"testJSONname\\",\\"time\\":1250,\\"groups\\":[]}"	21	2019-08-22 08:09:23.042923	2019-08-22 08:09:23.042923
25	\N	"{\\"name\\":\\"testJSONname\\",\\"time\\":1296,\\"groups\\":[]}"	21	2019-08-22 08:09:30.013305	2019-08-22 08:09:30.013305
26	\N	"{\\"name\\":\\"testJSONname\\",\\"time\\":9819,\\"groups\\":[]}"	21	2019-08-26 22:08:50.029477	2019-08-26 22:08:50.029477
27	\N	"{\\"name\\":\\"testJSONname\\",\\"time\\":1998,\\"groups\\":[]}"	21	2019-08-26 22:09:44.364166	2019-08-26 22:09:44.364166
28	\N	"{\\"name\\":\\"testJSONname\\",\\"time\\":7226,\\"groups\\":[]}"	21	2019-08-26 22:12:27.79241	2019-08-26 22:12:27.79241
29	\N	"{\\"name\\":\\"testJSONname\\",\\"time\\":37968,\\"groups\\":[{\\"title\\":\\"NEW TESET GROUP NAME\\",\\"card\\":[\\"27\\",\\"28\\"]}]}"	19	2019-08-28 11:13:33.727596	2019-08-28 11:13:33.727596
30	\N	"{\\"name\\":\\"testJSONname\\",\\"time\\":4277,\\"groups\\":[{\\"title\\":\\"Unnamed\\",\\"card\\":[\\"27\\",\\"28\\"]}]}"	19	2019-08-28 11:14:07.377881	2019-08-28 11:14:07.377881
31	\N	"{\\"name\\":\\"testJSONname\\",\\"time\\":18813,\\"groups\\":[{\\"title\\":\\"groups ups4\\",\\"card\\":[\\"34\\"]},{\\"title\\":\\"groups ups\\",\\"card\\":[\\"33\\"]}]}"	22	2019-08-29 11:10:14.992656	2019-08-29 11:10:14.992656
32	\N	"{\\"name\\":\\"testJSONname\\",\\"time\\":5364,\\"groups\\":[]}"	23	2019-08-29 12:03:17.216713	2019-08-29 12:03:17.216713
33	\N	"{\\"name\\":\\"testJSONname\\",\\"time\\":30323,\\"groups\\":[{\\"title\\":\\"test 3\\",\\"card\\":[\\"42\\",\\"40\\"]},{\\"title\\":\\"test2\\",\\"card\\":[\\"44\\",\\"41\\"]},{\\"title\\":\\"test1\\",\\"card\\":[\\"45\\",\\"47\\",\\"43\\",\\"46\\"]}]}"	26	2019-09-12 11:37:53.497706	2019-09-12 11:37:53.497706
\.


--
-- Data for Name: schema_migrations; Type: TABLE DATA; Schema: public; Owner: zsoltkacso
--

COPY public.schema_migrations (version) FROM stdin;
20190619122711
20190619122713
20190619123433
20190619123434
20190619123435
20190619123436
20190619123437
20190523110600
20190523110952
20190527095704
20190527143143
20190529110730
20190613113322
20190614114801
20190612205149
20190523111947
20190612203832
20190612205104
20190601110600
20190602095704
20190603110730
20190915160923
20190915161119
\.


--
-- Data for Name: sjabloon_charges; Type: TABLE DATA; Schema: public; Owner: zsoltkacso
--

COPY public.sjabloon_charges (id, owner_id, processor, processor_id, amount, amount_refunded, card_type, card_last4, card_exp_month, card_exp_year, created_at, updated_at) FROM stdin;
\.


--
-- Data for Name: sjabloon_coupons; Type: TABLE DATA; Schema: public; Owner: zsoltkacso
--

COPY public.sjabloon_coupons (id, code, name, currency, max_redemptions, amount_off, percent_off, duration, duration_in_months, redeem_by, times_redeemed, is_valid, created_at, updated_at) FROM stdin;
\.


--
-- Data for Name: sjabloon_plans; Type: TABLE DATA; Schema: public; Owner: zsoltkacso
--

COPY public.sjabloon_plans (id, processor_id, amount, currency, nickname, trial_period_days, "interval", interval_count, product, features, "position", active, visible, created_at, updated_at) FROM stdin;
1	plan_FHkW5br6rlHDFr	1499	usd	Monthly Premium	14	month	1	prod_FHkW31TDyYmfTs	{}	\N	t	t	2019-06-19 21:09:15.977061	2019-06-19 21:09:16.021333
\.


--
-- Data for Name: sjabloon_subscriptions; Type: TABLE DATA; Schema: public; Owner: zsoltkacso
--

COPY public.sjabloon_subscriptions (id, owner_id, name, processor, processor_id, processor_plan, quantity, trial_ends_at, ends_at, created_at, updated_at) FROM stdin;
1	2	default	stripe	sub_FHzB2eo7RFWQKR	plan_FHkW5br6rlHDFr	1	2019-07-04 12:17:34	\N	2019-06-20 12:17:34.978309	2019-06-20 12:17:34.978309
\.


--
-- Data for Name: users; Type: TABLE DATA; Schema: public; Owner: zsoltkacso
--

COPY public.users (id, email, encrypted_password, reset_password_token, reset_password_sent_at, remember_created_at, sign_in_count, current_sign_in_at, last_sign_in_at, current_sign_in_ip, last_sign_in_ip, confirmation_token, confirmed_at, confirmation_sent_at, unconfirmed_email, failed_attempts, unlock_token, locked_at, first_name, last_name, admin, communication_settings, created_at, updated_at, processor, processor_id, trial_ends_at, card_type, card_last4, card_exp_month, card_exp_year) FROM stdin;
1	kaolti@gmail.com	$2a$11$hoPx8o7bcb3FTyxzZjZl7.RV3yt5MnvGttgir3kSK05BAda6EnD6K	\N	\N	\N	0	\N	\N	\N	\N	\N	\N	\N	\N	0	\N	\N	dsaf	fda	f	\N	2019-06-19 20:00:39.25086	2019-06-19 20:00:39.25086	\N	\N	\N	\N	\N	\N	\N
3	ancsa@cascnasdcas.com	$2a$11$BTIPhFwA.uo0BlAxp4KAiuXCU.U/peJaIlr3MeYvUuoRU224KnTcW	\N	\N	\N	0	\N	\N	\N	\N	\N	\N	\N	\N	0	\N	\N	ancsa	\N	f	\N	2019-07-04 11:04:52.919419	2019-07-04 11:04:52.919419	\N	\N	\N	\N	\N	\N	\N
2	kaolti@yahoo.com	$2a$11$hg0qcX74rZsc/eSVF6M9KeGEmzZHPda.H2UA3TGZBks0OjLCcLp52	\N	\N	\N	0	\N	\N	\N	\N	\N	\N	\N	\N	0	\N	\N	fea	\N	f	\N	2019-06-19 21:09:55.002299	2019-08-28 11:22:37.542146	stripe	cus_FHzBH1MWLPdEuN	\N	Visa	0077	11	2023
4	kaolti+test@gmail.com	$2a$11$6HXYsaXf4pXupObLC62BhuWY8LF7zfC/iu/HTGyeH6r3QPMJTfHpC	\N	\N	\N	0	\N	\N	\N	\N	\N	\N	\N	\N	0	\N	\N	test	name	f	\N	2019-08-28 11:23:05.236492	2019-08-28 11:23:05.236492	\N	\N	\N	\N	\N	\N	\N
5	kaolti+testtrial@gmail.com	$2a$11$7fByH3n4.cGmLy.9st8HX.C4SRAmWa2yzOccOfSfk7xotDTGwsvQi	\N	\N	\N	0	\N	\N	\N	\N	\N	\N	\N	\N	0	\N	\N	dsadsa	eag	f	\N	2019-08-28 11:32:51.098226	2019-08-28 20:57:16.130029	\N	\N	\N	\N	\N	\N	\N
\.


--
-- Name: cards_id_seq; Type: SEQUENCE SET; Schema: public; Owner: zsoltkacso
--

SELECT pg_catalog.setval('public.cards_id_seq', 47, true);


--
-- Name: cardtests_id_seq; Type: SEQUENCE SET; Schema: public; Owner: zsoltkacso
--

SELECT pg_catalog.setval('public.cardtests_id_seq', 26, true);


--
-- Name: friendly_id_slugs_id_seq; Type: SEQUENCE SET; Schema: public; Owner: zsoltkacso
--

SELECT pg_catalog.setval('public.friendly_id_slugs_id_seq', 1, false);


--
-- Name: results_id_seq; Type: SEQUENCE SET; Schema: public; Owner: zsoltkacso
--

SELECT pg_catalog.setval('public.results_id_seq', 33, true);


--
-- Name: sjabloon_charges_id_seq; Type: SEQUENCE SET; Schema: public; Owner: zsoltkacso
--

SELECT pg_catalog.setval('public.sjabloon_charges_id_seq', 1, false);


--
-- Name: sjabloon_coupons_id_seq; Type: SEQUENCE SET; Schema: public; Owner: zsoltkacso
--

SELECT pg_catalog.setval('public.sjabloon_coupons_id_seq', 1, false);


--
-- Name: sjabloon_plans_id_seq; Type: SEQUENCE SET; Schema: public; Owner: zsoltkacso
--

SELECT pg_catalog.setval('public.sjabloon_plans_id_seq', 1, true);


--
-- Name: sjabloon_subscriptions_id_seq; Type: SEQUENCE SET; Schema: public; Owner: zsoltkacso
--

SELECT pg_catalog.setval('public.sjabloon_subscriptions_id_seq', 1, true);


--
-- Name: users_id_seq; Type: SEQUENCE SET; Schema: public; Owner: zsoltkacso
--

SELECT pg_catalog.setval('public.users_id_seq', 5, true);


--
-- Name: ar_internal_metadata ar_internal_metadata_pkey; Type: CONSTRAINT; Schema: public; Owner: zsoltkacso
--

ALTER TABLE ONLY public.ar_internal_metadata
    ADD CONSTRAINT ar_internal_metadata_pkey PRIMARY KEY (key);


--
-- Name: cards cards_pkey; Type: CONSTRAINT; Schema: public; Owner: zsoltkacso
--

ALTER TABLE ONLY public.cards
    ADD CONSTRAINT cards_pkey PRIMARY KEY (id);


--
-- Name: cardtests cardtests_pkey; Type: CONSTRAINT; Schema: public; Owner: zsoltkacso
--

ALTER TABLE ONLY public.cardtests
    ADD CONSTRAINT cardtests_pkey PRIMARY KEY (id);


--
-- Name: friendly_id_slugs friendly_id_slugs_pkey; Type: CONSTRAINT; Schema: public; Owner: zsoltkacso
--

ALTER TABLE ONLY public.friendly_id_slugs
    ADD CONSTRAINT friendly_id_slugs_pkey PRIMARY KEY (id);


--
-- Name: results results_pkey; Type: CONSTRAINT; Schema: public; Owner: zsoltkacso
--

ALTER TABLE ONLY public.results
    ADD CONSTRAINT results_pkey PRIMARY KEY (id);


--
-- Name: schema_migrations schema_migrations_pkey; Type: CONSTRAINT; Schema: public; Owner: zsoltkacso
--

ALTER TABLE ONLY public.schema_migrations
    ADD CONSTRAINT schema_migrations_pkey PRIMARY KEY (version);


--
-- Name: sjabloon_charges sjabloon_charges_pkey; Type: CONSTRAINT; Schema: public; Owner: zsoltkacso
--

ALTER TABLE ONLY public.sjabloon_charges
    ADD CONSTRAINT sjabloon_charges_pkey PRIMARY KEY (id);


--
-- Name: sjabloon_coupons sjabloon_coupons_pkey; Type: CONSTRAINT; Schema: public; Owner: zsoltkacso
--

ALTER TABLE ONLY public.sjabloon_coupons
    ADD CONSTRAINT sjabloon_coupons_pkey PRIMARY KEY (id);


--
-- Name: sjabloon_plans sjabloon_plans_pkey; Type: CONSTRAINT; Schema: public; Owner: zsoltkacso
--

ALTER TABLE ONLY public.sjabloon_plans
    ADD CONSTRAINT sjabloon_plans_pkey PRIMARY KEY (id);


--
-- Name: sjabloon_subscriptions sjabloon_subscriptions_pkey; Type: CONSTRAINT; Schema: public; Owner: zsoltkacso
--

ALTER TABLE ONLY public.sjabloon_subscriptions
    ADD CONSTRAINT sjabloon_subscriptions_pkey PRIMARY KEY (id);


--
-- Name: users users_pkey; Type: CONSTRAINT; Schema: public; Owner: zsoltkacso
--

ALTER TABLE ONLY public.users
    ADD CONSTRAINT users_pkey PRIMARY KEY (id);


--
-- Name: index_cards_on_cardtest_id; Type: INDEX; Schema: public; Owner: zsoltkacso
--

CREATE INDEX index_cards_on_cardtest_id ON public.cards USING btree (cardtest_id);


--
-- Name: index_cardtests_on_auth_token; Type: INDEX; Schema: public; Owner: zsoltkacso
--

CREATE UNIQUE INDEX index_cardtests_on_auth_token ON public.cardtests USING btree (auth_token);


--
-- Name: index_cardtests_on_uid; Type: INDEX; Schema: public; Owner: zsoltkacso
--

CREATE UNIQUE INDEX index_cardtests_on_uid ON public.cardtests USING btree (uid);


--
-- Name: index_cardtests_on_user_id; Type: INDEX; Schema: public; Owner: zsoltkacso
--

CREATE INDEX index_cardtests_on_user_id ON public.cardtests USING btree (user_id);


--
-- Name: index_friendly_id_slugs_on_slug_and_sluggable_type; Type: INDEX; Schema: public; Owner: zsoltkacso
--

CREATE INDEX index_friendly_id_slugs_on_slug_and_sluggable_type ON public.friendly_id_slugs USING btree (slug, sluggable_type);


--
-- Name: index_friendly_id_slugs_on_slug_and_sluggable_type_and_scope; Type: INDEX; Schema: public; Owner: zsoltkacso
--

CREATE UNIQUE INDEX index_friendly_id_slugs_on_slug_and_sluggable_type_and_scope ON public.friendly_id_slugs USING btree (slug, sluggable_type, scope);


--
-- Name: index_friendly_id_slugs_on_sluggable_type_and_sluggable_id; Type: INDEX; Schema: public; Owner: zsoltkacso
--

CREATE INDEX index_friendly_id_slugs_on_sluggable_type_and_sluggable_id ON public.friendly_id_slugs USING btree (sluggable_type, sluggable_id);


--
-- Name: index_results_on_cardtest_id; Type: INDEX; Schema: public; Owner: zsoltkacso
--

CREATE INDEX index_results_on_cardtest_id ON public.results USING btree (cardtest_id);


--
-- Name: index_sjabloon_charges_on_owner_id; Type: INDEX; Schema: public; Owner: zsoltkacso
--

CREATE INDEX index_sjabloon_charges_on_owner_id ON public.sjabloon_charges USING btree (owner_id);


--
-- Name: index_sjabloon_subscriptions_on_owner_id; Type: INDEX; Schema: public; Owner: zsoltkacso
--

CREATE INDEX index_sjabloon_subscriptions_on_owner_id ON public.sjabloon_subscriptions USING btree (owner_id);


--
-- Name: index_users_on_confirmation_token; Type: INDEX; Schema: public; Owner: zsoltkacso
--

CREATE UNIQUE INDEX index_users_on_confirmation_token ON public.users USING btree (confirmation_token);


--
-- Name: index_users_on_email; Type: INDEX; Schema: public; Owner: zsoltkacso
--

CREATE UNIQUE INDEX index_users_on_email ON public.users USING btree (email);


--
-- Name: index_users_on_reset_password_token; Type: INDEX; Schema: public; Owner: zsoltkacso
--

CREATE UNIQUE INDEX index_users_on_reset_password_token ON public.users USING btree (reset_password_token);


--
-- Name: index_users_on_unlock_token; Type: INDEX; Schema: public; Owner: zsoltkacso
--

CREATE UNIQUE INDEX index_users_on_unlock_token ON public.users USING btree (unlock_token);


--
-- Name: cardtests fk_rails_4bdfaad9bb; Type: FK CONSTRAINT; Schema: public; Owner: zsoltkacso
--

ALTER TABLE ONLY public.cardtests
    ADD CONSTRAINT fk_rails_4bdfaad9bb FOREIGN KEY (user_id) REFERENCES public.users(id);


--
-- Name: cards fk_rails_8a974c698d; Type: FK CONSTRAINT; Schema: public; Owner: zsoltkacso
--

ALTER TABLE ONLY public.cards
    ADD CONSTRAINT fk_rails_8a974c698d FOREIGN KEY (cardtest_id) REFERENCES public.cardtests(id);


--
-- Name: results fk_rails_c651103c5e; Type: FK CONSTRAINT; Schema: public; Owner: zsoltkacso
--

ALTER TABLE ONLY public.results
    ADD CONSTRAINT fk_rails_c651103c5e FOREIGN KEY (cardtest_id) REFERENCES public.cardtests(id);


--
-- PostgreSQL database dump complete
--

